id,firstname,lastname,email,profession,salary
100,Deedee,Joseph,Deedee.Joseph@yopmail.com,doctor,88264
101,Roxane,Sadowski,Roxane.Sadowski@yopmail.com,doctor,88348
102,Lila,Tjon,Lila.Tjon@yopmail.com,firefighter,46000
103,Mildrid,Jotham,Mildrid.Jotham@yopmail.com,doctor,60420
104,Annice,Gaspard,Annice.Gaspard@yopmail.com,worker,26183
105,Julieta,Brieta,Julieta.Brieta@yopmail.com,doctor,25917
106,Lenna,Gladstone,Lenna.Gladstone@yopmail.com,developer,55227
107,Wendi,Ferrell,Wendi.Ferrell@yopmail.com,firefighter,92680
108,Aubrie,Alejoa,Aubrie.Alejoa@yopmail.com,developer,58221
109,Christy,Stevy,Christy.Stevy@yopmail.com,worker,72627
110,Kelly,Gillan,Kelly.Gillan@yopmail.com,worker,46444
111,Emilia,Hirsch,Emilia.Hirsch@yopmail.com,police officer,67414
112,Doralynne,Corrine,Doralynne.Corrine@yopmail.com,police officer,54577
113,Constance,Kimmie,Constance.Kimmie@yopmail.com,doctor,51726
114,Madalyn,Ummersen,Madalyn.Ummersen@yopmail.com,developer,78895
115,Larine,Blase,Larine.Blase@yopmail.com,firefighter,57913
116,Neila,Ackerley,Neila.Ackerley@yopmail.com,doctor,26353
117,Odessa,Raychel,Odessa.Raychel@yopmail.com,police officer,74327
118,Madeleine,Milson,Madeleine.Milson@yopmail.com,worker,77992
119,Carolina,Grobe,Carolina.Grobe@yopmail.com,developer,77491
120,Gabi,Aurelio,Gabi.Aurelio@yopmail.com,firefighter,31234
121,Paule,McGrody,Paule.McGrody@yopmail.com,police officer,28481
122,Emilia,Zuzana,Emilia.Zuzana@yopmail.com,firefighter,31549
123,Sarette,Stover,Sarette.Stover@yopmail.com,developer,79390
124,Binny,Taima,Binny.Taima@yopmail.com,firefighter,56368
125,Consuela,Dominy,Consuela.Dominy@yopmail.com,firefighter,76054
126,Hildegaard,Matthew,Hildegaard.Matthew@yopmail.com,police officer,47008
127,Amara,Koehler,Amara.Koehler@yopmail.com,worker,26802
128,Brianna,Vivle,Brianna.Vivle@yopmail.com,worker,29457
129,Jenda,Couture,Jenda.Couture@yopmail.com,police officer,31717
130,Sheelagh,Baudin,Sheelagh.Baudin@yopmail.com,developer,84041
131,Charlena,Burkle,Charlena.Burkle@yopmail.com,developer,84168
132,Leontine,McCutcheon,Leontine.McCutcheon@yopmail.com,firefighter,69877
133,Orsola,Ailyn,Orsola.Ailyn@yopmail.com,developer,62075
134,Lanae,Bahr,Lanae.Bahr@yopmail.com,developer,73933
135,Keelia,Angelis,Keelia.Angelis@yopmail.com,firefighter,41225
136,Cyndie,Joeann,Cyndie.Joeann@yopmail.com,police officer,72071
137,Ezmeralda,Thunell,Ezmeralda.Thunell@yopmail.com,worker,42467
138,Kaja,Stover,Kaja.Stover@yopmail.com,developer,55358
139,Ketti,Donoghue,Ketti.Donoghue@yopmail.com,doctor,50271
140,Roberta,Gillan,Roberta.Gillan@yopmail.com,police officer,85822
141,Ida,Agle,Ida.Agle@yopmail.com,firefighter,83034
142,Yetty,Llovera,Yetty.Llovera@yopmail.com,developer,33038
143,Lanae,Jerald,Lanae.Jerald@yopmail.com,police officer,76598
144,Camile,O'Neill,Camile.O'Neill@yopmail.com,developer,66852
145,Mignon,Annice,Mignon.Annice@yopmail.com,police officer,89490
146,Shirlee,Carri,Shirlee.Carri@yopmail.com,doctor,96325
147,Raina,Sparhawk,Raina.Sparhawk@yopmail.com,worker,83472
148,Shandie,Presber,Shandie.Presber@yopmail.com,developer,59648
149,Melina,Gualtiero,Melina.Gualtiero@yopmail.com,police officer,97956
